case,variant,threads,median_ns,samples
gemm_batched_008_f64,plan_plan,1,750,5
gemm_batched_008_f64,plan_exec,1,82764657,5
gemm_batched_008_f64,packed_plan,1,296320,5
gemm_batched_008_f64,packed_exec,1,191973289,5
gemm_batched_012_f64,plan_plan,1,750,5
gemm_batched_012_f64,plan_exec,1,26487497,5
gemm_batched_012_f64,packed_plan,1,18690,5
gemm_batched_012_f64,packed_exec,1,37054168,5
gemm_batched_022_f64,plan_plan,1,750,5
gemm_batched_022_f64,plan_exec,1,6500821,5
gemm_batched_022_f64,packed_plan,1,7096541,5
gemm_batched_022_f64,packed_exec,1,15668382,5
gemm_batched_023_f64,plan_plan,1,780,5
gemm_batched_023_f64,plan_exec,1,23820072,5
gemm_batched_023_f64,packed_plan,1,300850,5
gemm_batched_023_f64,packed_exec,1,50697667,5
gemm_batched_009_c64,plan_plan,1,840,5
gemm_batched_009_c64,plan_exec,1,40258928,5
gemm_batched_009_c64,packed_plan,1,14830,5
gemm_batched_009_c64,packed_exec,1,43358292,5
