case,group,dtype,engine,m,n,k,macs,seconds,gflops,regular_a,regular_b,notes
ij-ik-kj,ccsd,f64,planar,2904,2896,2904,24422593536,1.204105551,40.5655,1.0000,1.0000,avx2-real 8x6 AB 256x256x1536
ij-ik-kj,ccsd,f64,1m,2904,2896,2904,24422593536,1.204105551,40.5655,1.0000,1.0000,avx2-real 8x6 AB 256x256x1536
ij-ik-kj,ccsd,f64,3m,2904,2896,2904,24422593536,1.204105551,40.5655,1.0000,1.0000,avx2-real 8x6 AB 256x256x1536
ij-ik-kj,ccsd,c64,planar,2904,2896,2904,24422593536,4.593551972,42.5337,1.0000,1.0000,avx2-planar 4x5 AB 128x256x770
ij-ik-kj,ccsd,c64,1m,2904,2896,2904,24422593536,4.582349575,42.6377,1.0000,1.0000,avx2-1m 4x6 AB 64x256x768
ij-ik-kj,ccsd,c64,3m,2904,2896,2904,24422593536,4.648753416,42.0286,1.0000,1.0000,avx2-3m 4x4 AB 88x256x512
ij-ikl-ljk,ccsd,f64,planar,216,204,44064,1941636096,0.119671301,32.4495,1.0000,1.0000,avx2-real 8x6 AB 256x256x1536
ij-ikl-ljk,ccsd,f64,1m,216,204,44064,1941636096,0.119671301,32.4495,1.0000,1.0000,avx2-real 8x6 AB 256x256x1536
ij-ikl-ljk,ccsd,f64,3m,216,204,44064,1941636096,0.119671301,32.4495,1.0000,1.0000,avx2-real 8x6 AB 256x256x1536
ij-ikl-ljk,ccsd,c64,planar,216,204,44064,1941636096,0.399499568,38.8814,1.0000,1.0000,avx2-planar 4x5 AB 128x256x770
ij-ikl-ljk,ccsd,c64,1m,216,204,44064,1941636096,0.385497505,40.2936,1.0000,1.0000,avx2-1m 4x6 AB 64x256x768
ij-ikl-ljk,ccsd,c64,3m,216,204,44064,1941636096,0.424322439,36.6068,1.0000,1.0000,avx2-3m 4x4 AB 88x256x512
ij-kil-lkj,ccsd,f64,planar,216,204,46656,2055849984,0.127171007,32.3321,1.0000,1.0000,avx2-real 8x6 AB 256x256x1536
ij-kil-lkj,ccsd,f64,1m,216,204,46656,2055849984,0.127171007,32.3321,1.0000,1.0000,avx2-real 8x6 AB 256x256x1536
ij-kil-lkj,ccsd,f64,3m,216,204,46656,2055849984,0.127171007,32.3321,1.0000,1.0000,avx2-real 8x6 AB 256x256x1536
ij-kil-lkj,ccsd,c64,planar,216,204,46656,2055849984,0.423223107,38.8608,1.0000,1.0000,avx2-planar 4x5 AB 128x256x770
ij-kil-lkj,ccsd,c64,1m,216,204,46656,2055849984,0.412817452,39.8404,1.0000,1.0000,avx2-1m 4x6 AB 64x256x768
ij-kil-lkj,ccsd,c64,3m,216,204,46656,2055849984,0.416926410,39.4477,1.0000,1.0000,avx2-3m 4x4 AB 88x256x512
ijk-ikl-lj,ccsd,f64,planar,44064,204,216,1941636096,0.116633865,33.2946,1.0000,1.0000,avx2-real 8x6 AB 256x256x1536
ijk-ikl-lj,ccsd,f64,1m,44064,204,216,1941636096,0.116633865,33.2946,1.0000,1.0000,avx2-real 8x6 AB 256x256x1536
ijk-ikl-lj,ccsd,f64,3m,44064,204,216,1941636096,0.116633865,33.2946,1.0000,1.0000,avx2-real 8x6 AB 256x256x1536
ijk-ikl-lj,ccsd,c64,planar,44064,204,216,1941636096,0.390939552,39.7327,1.0000,1.0000,avx2-planar 4x5 AB 128x256x770
ijk-ikl-lj,ccsd,c64,1m,44064,204,216,1941636096,0.372991003,41.6447,1.0000,1.0000,avx2-1m 4x6 AB 64x256x768
ijk-ikl-lj,ccsd,c64,3m,44064,204,216,1941636096,0.391898339,39.6355,1.0000,1.0000,avx2-3m 4x4 AB 88x256x512
ijk-il-jlk,ccsd,f64,planar,216,44064,204,1941636096,0.112886723,34.3997,1.0000,1.0000,avx2-real 8x6 AB 256x256x1536
ijk-il-jlk,ccsd,f64,1m,216,44064,204,1941636096,0.112886723,34.3997,1.0000,1.0000,avx2-real 8x6 AB 256x256x1536
ijk-il-jlk,ccsd,f64,3m,216,44064,204,1941636096,0.112886723,34.3997,1.0000,1.0000,avx2-real 8x6 AB 256x256x1536
ijk-il-jlk,ccsd,c64,planar,216,44064,204,1941636096,0.373428367,41.5959,1.0000,0.9815,avx2-planar 4x5 AB 128x256x770
ijk-il-jlk,ccsd,c64,1m,216,44064,204,1941636096,0.352483052,44.0676,1.0000,1.0000,avx2-1m 4x6 AB 64x256x768
ijk-il-jlk,ccsd,c64,3m,216,44064,204,1941636096,0.392222315,39.6028,1.0000,1.0000,avx2-3m 4x4 AB 88x256x512
ijk-ilk-jl,ccsd,f64,planar,44064,216,204,1941636096,0.099323521,39.0972,1.0000,1.0000,avx2-real 8x6 AB 256x256x1536
ijk-ilk-jl,ccsd,f64,1m,44064,216,204,1941636096,0.099323521,39.0972,1.0000,1.0000,avx2-real 8x6 AB 256x256x1536
ijk-ilk-jl,ccsd,f64,3m,44064,216,204,1941636096,0.099323521,39.0972,1.0000,1.0000,avx2-real 8x6 AB 256x256x1536
ijk-ilk-jl,ccsd,c64,planar,44064,216,204,1941636096,0.367642908,42.2505,1.0000,1.0000,avx2-planar 4x5 AB 128x256x770
ijk-ilk-jl,ccsd,c64,1m,44064,216,204,1941636096,0.344563589,45.0805,1.0000,1.0000,avx2-1m 4x6 AB 64x256x768
ijk-ilk-jl,ccsd,c64,3m,44064,216,204,1941636096,0.387309054,40.1052,1.0000,1.0000,avx2-3m 4x4 AB 88x256x512
ijk-ilk-lj,ccsd,f64,planar,44064,204,216,1941636096,0.099499403,39.0281,1.0000,1.0000,avx2-real 8x6 AB 256x256x1536
ijk-ilk-lj,ccsd,f64,1m,44064,204,216,1941636096,0.099499403,39.0281,1.0000,1.0000,avx2-real 8x6 AB 256x256x1536
ijk-ilk-lj,ccsd,f64,3m,44064,204,216,1941636096,0.099499403,39.0281,1.0000,1.0000,avx2-real 8x6 AB 256x256x1536
ijk-ilk-lj,ccsd,c64,planar,44064,204,216,1941636096,0.363231725,42.7636,1.0000,1.0000,avx2-planar 4x5 AB 128x256x770
ijk-ilk-lj,ccsd,c64,1m,44064,204,216,1941636096,0.343455752,45.2259,1.0000,1.0000,avx2-1m 4x6 AB 64x256x768
ijk-ilk-lj,ccsd,c64,3m,44064,204,216,1941636096,0.389169410,39.9134,1.0000,1.0000,avx2-3m 4x4 AB 88x256x512
ijk-ilmk-mjl,ccsd,f64,planar,3744,52,3744,728911872,0.049780003,29.2853,1.0000,1.0000,avx2-real 8x6 AB 256x256x1536
ijk-ilmk-mjl,ccsd,f64,1m,3744,52,3744,728911872,0.049780003,29.2853,1.0000,1.0000,avx2-real 8x6 AB 256x256x1536
ijk-ilmk-mjl,ccsd,f64,3m,3744,52,3744,728911872,0.049780003,29.2853,1.0000,1.0000,avx2-real 8x6 AB 256x256x1536
ijk-ilmk-mjl,ccsd,c64,planar,3744,52,3744,728911872,0.166206439,35.0847,1.0000,1.0000,avx2-planar 4x5 AB 128x256x770
ijk-ilmk-mjl,ccsd,c64,1m,3744,52,3744,728911872,0.164743402,35.3962,1.0000,1.0000,avx2-1m 4x6 AB 64x256x768
ijk-ilmk-mjl,ccsd,c64,3m,3744,52,3744,728911872,0.196615593,29.6584,1.0000,1.0000,avx2-3m 4x4 AB 88x256x512
ijkl-imjn-lnkm,ccsd,f64,planar,3744,3744,2704,37903417344,1.850350315,40.9689,1.0000,0.9231,avx2-real 8x6 AB 256x256x1536
ijkl-imjn-lnkm,ccsd,f64,1m,3744,3744,2704,37903417344,1.850350315,40.9689,1.0000,0.9231,avx2-real 8x6 AB 256x256x1536
ijkl-imjn-lnkm,ccsd,f64,3m,3744,3744,2704,37903417344,1.850350315,40.9689,1.0000,0.9231,avx2-real 8x6 AB 256x256x1536
ijkl-imjn-lnkm,ccsd,c64,planar,3744,3744,2704,37903417344,6.947096154,43.6481,1.0000,0.9239,avx2-planar 4x5 AB 128x256x770
ijkl-imjn-lnkm,ccsd,c64,1m,3744,3744,2704,37903417344,6.747913442,44.9365,1.0000,0.9231,avx2-1m 4x6 AB 64x256x768
ijkl-imjn-lnkm,ccsd,c64,3m,3744,3744,2704,37903417344,7.097139768,42.7253,1.0000,1.0000,avx2-3m 4x4 AB 88x256x512
ijkl-imjn-nlmk,ccsd,f64,planar,3744,2704,3744,37903417344,1.844976631,41.0882,1.0000,0.9246,avx2-real 8x6 AB 256x256x1536
ijkl-imjn-nlmk,ccsd,f64,1m,3744,2704,3744,37903417344,1.844976631,41.0882,1.0000,0.9246,avx2-real 8x6 AB 256x256x1536
ijkl-imjn-nlmk,ccsd,f64,3m,3744,2704,3744,37903417344,1.844976631,41.0882,1.0000,0.9246,avx2-real 8x6 AB 256x256x1536
ijkl-imjn-nlmk,ccsd,c64,planar,3744,2704,3744,37903417344,6.931519056,43.7462,1.0000,0.9242,avx2-planar 4x5 AB 128x256x770
ijkl-imjn-nlmk,ccsd,c64,1m,3744,2704,3744,37903417344,6.744923681,44.9564,1.0000,0.9246,avx2-1m 4x6 AB 64x256x768
ijkl-imjn-nlmk,ccsd,c64,3m,3744,2704,3744,37903417344,7.084506729,42.8015,1.0000,1.0000,avx2-3m 4x4 AB 88x256x512
ijkl-imkn-jnlm,ccsd,f64,planar,3744,3744,2704,37903417344,1.914634021,39.5934,1.0000,1.0000,avx2-real 8x6 AB 256x256x1536
ijkl-imkn-jnlm,ccsd,f64,1m,3744,3744,2704,37903417344,1.914634021,39.5934,1.0000,1.0000,avx2-real 8x6 AB 256x256x1536
ijkl-imkn-jnlm,ccsd,f64,3m,3744,3744,2704,37903417344,1.914634021,39.5934,1.0000,1.0000,avx2-real 8x6 AB 256x256x1536
ijkl-imkn-jnlm,ccsd,c64,planar,3744,3744,2704,37903417344,7.015097911,43.2250,1.0000,0.9453,avx2-planar 4x5 AB 128x256x770
ijkl-imkn-jnlm,ccsd,c64,1m,3744,3744,2704,37903417344,6.887638205,44.0249,1.0000,1.0000,avx2-1m 4x6 AB 64x256x768
ijkl-imkn-jnlm,ccsd,c64,3m,3744,3744,2704,37903417344,7.309850108,41.4820,1.0000,1.0000,avx2-3m 4x4 AB 88x256x512
ijkl-imkn-njml,ccsd,f64,planar,3744,2704,3744,37903417344,1.902992006,39.8356,1.0000,0.9246,avx2-real 8x6 AB 256x256x1536
ijkl-imkn-njml,ccsd,f64,1m,3744,2704,3744,37903417344,1.902992006,39.8356,1.0000,0.9246,avx2-real 8x6 AB 256x256x1536
ijkl-imkn-njml,ccsd,f64,3m,3744,2704,3744,37903417344,1.902992006,39.8356,1.0000,0.9246,avx2-real 8x6 AB 256x256x1536
ijkl-imkn-njml,ccsd,c64,planar,3744,2704,3744,37903417344,7.013123927,43.2371,1.0000,0.9242,avx2-planar 4x5 AB 128x256x770
ijkl-imkn-njml,ccsd,c64,1m,3744,2704,3744,37903417344,6.924736054,43.7890,1.0000,0.9246,avx2-1m 4x6 AB 64x256x768
ijkl-imkn-njml,ccsd,c64,3m,3744,2704,3744,37903417344,7.325544325,41.3931,1.0000,1.0000,avx2-3m 4x4 AB 88x256x512
ijkl-imln-jnkm,ccsd,f64,planar,3744,3744,2704,37903417344,1.903843518,39.8178,1.0000,1.0000,avx2-real 8x6 AB 256x256x1536
ijkl-imln-jnkm,ccsd,f64,1m,3744,3744,2704,37903417344,1.903843518,39.8178,1.0000,1.0000,avx2-real 8x6 AB 256x256x1536
ijkl-imln-jnkm,ccsd,f64,3m,3744,3744,2704,37903417344,1.903843518,39.8178,1.0000,1.0000,avx2-real 8x6 AB 256x256x1536
ijkl-imln-jnkm,ccsd,c64,planar,3744,3744,2704,37903417344,7.028125085,43.1448,1.0000,0.9453,avx2-planar 4x5 AB 128x256x770
ijkl-imln-jnkm,ccsd,c64,1m,3744,3744,2704,37903417344,6.894306043,43.9823,1.0000,1.0000,avx2-1m 4x6 AB 64x256x768
ijkl-imln-jnkm,ccsd,c64,3m,3744,3744,2704,37903417344,7.281188992,41.6453,1.0000,1.0000,avx2-3m 4x4 AB 88x256x512
ijkl-imln-njmk,ccsd,f64,planar,3744,2704,3744,37903417344,1.915737892,39.5706,1.0000,0.9246,avx2-real 8x6 AB 256x256x1536
ijkl-imln-njmk,ccsd,f64,1m,3744,2704,3744,37903417344,1.915737892,39.5706,1.0000,0.9246,avx2-real 8x6 AB 256x256x1536
ijkl-imln-njmk,ccsd,f64,3m,3744,2704,3744,37903417344,1.915737892,39.5706,1.0000,0.9246,avx2-real 8x6 AB 256x256x1536
ijkl-imln-njmk,ccsd,c64,planar,3744,2704,3744,37903417344,7.044174220,43.0465,1.0000,0.9242,avx2-planar 4x5 AB 128x256x770
ijkl-imln-njmk,ccsd,c64,1m,3744,2704,3744,37903417344,6.948352085,43.6402,1.0000,0.9246,avx2-1m 4x6 AB 64x256x768
ijkl-imln-njmk,ccsd,c64,3m,3744,2704,3744,37903417344,7.327309770,41.3832,1.0000,1.0000,avx2-3m 4x4 AB 88x256x512
ijkl-imnj-nlkm,ccsd,f64,planar,3744,2704,3744,37903417344,1.841416232,41.1677,1.0000,0.9246,avx2-real 8x6 AB 256x256x1536
ijkl-imnj-nlkm,ccsd,f64,1m,3744,2704,3744,37903417344,1.841416232,41.1677,1.0000,0.9246,avx2-real 8x6 AB 256x256x1536
ijkl-imnj-nlkm,ccsd,f64,3m,3744,2704,3744,37903417344,1.841416232,41.1677,1.0000,0.9246,avx2-real 8x6 AB 256x256x1536
ijkl-imnj-nlkm,ccsd,c64,planar,3744,2704,3744,37903417344,6.923713157,43.7955,1.0000,0.9242,avx2-planar 4x5 AB 128x256x770
ijkl-imnj-nlkm,ccsd,c64,1m,3744,2704,3744,37903417344,6.737629557,45.0050,1.0000,0.9246,avx2-1m 4x6 AB 64x256x768
ijkl-imnj-nlkm,ccsd,c64,3m,3744,2704,3744,37903417344,7.085408237,42.7960,1.0000,1.0000,avx2-3m 4x4 AB 88x256x512
ijkl-imnk-njml,ccsd,f64,planar,3744,2704,3744,37903417344,1.912393060,39.6398,1.0000,0.9246,avx2-real 8x6 AB 256x256x1536
ijkl-imnk-njml,ccsd,f64,1m,3744,2704,3744,37903417344,1.912393060,39.6398,1.0000,0.9246,avx2-real 8x6 AB 256x256x1536
ijkl-imnk-njml,ccsd,f64,3m,3744,2704,3744,37903417344,1.912393060,39.6398,1.0000,0.9246,avx2-real 8x6 AB 256x256x1536
ijkl-imnk-njml,ccsd,c64,planar,3744,2704,3744,37903417344,7.019595171,43.1973,1.0000,0.9242,avx2-planar 4x5 AB 128x256x770
ijkl-imnk-njml,ccsd,c64,1m,3744,2704,3744,37903417344,6.923894304,43.7943,1.0000,0.9246,avx2-1m 4x6 AB 64x256x768
ijkl-imnk-njml,ccsd,c64,3m,3744,2704,3744,37903417344,7.323061643,41.4072,1.0000,1.0000,avx2-3m 4x4 AB 88x256x512
ijkl-minj-nlmk,ccsd,f64,planar,3744,2704,5184,52481654784,2.600972272,40.3554,1.0000,0.9246,avx2-real 8x6 AB 256x256x1536
ijkl-minj-nlmk,ccsd,f64,1m,3744,2704,5184,52481654784,2.600972272,40.3554,1.0000,0.9246,avx2-real 8x6 AB 256x256x1536
ijkl-minj-nlmk,ccsd,f64,3m,3744,2704,5184,52481654784,2.600972272,40.3554,1.0000,0.9246,avx2-real 8x6 AB 256x256x1536
ijkl-minj-nlmk,ccsd,c64,planar,3744,2704,5184,52481654784,9.692732502,43.3163,1.0000,0.9242,avx2-planar 4x5 AB 128x256x770
ijkl-minj-nlmk,ccsd,c64,1m,3744,2704,5184,52481654784,9.473924527,44.3167,1.0000,0.9246,avx2-1m 4x6 AB 64x256x768
ijkl-minj-nlmk,ccsd,c64,3m,3744,2704,5184,52481654784,9.614232518,43.6700,1.0000,1.0000,avx2-3m 4x4 AB 88x256x512
ijkl-mink-jnlm,ccsd,f64,planar,3744,3744,3744,52481654784,2.689441923,39.0279,1.0000,1.0000,avx2-real 8x6 AB 256x256x1536
ijkl-mink-jnlm,ccsd,f64,1m,3744,3744,3744,52481654784,2.689441923,39.0279,1.0000,1.0000,avx2-real 8x6 AB 256x256x1536
ijkl-mink-jnlm,ccsd,f64,3m,3744,3744,3744,52481654784,2.689441923,39.0279,1.0000,1.0000,avx2-real 8x6 AB 256x256x1536
ijkl-mink-jnlm,ccsd,c64,planar,3744,3744,3744,52481654784,9.799628098,42.8438,1.0000,0.9453,avx2-planar 4x5 AB 128x256x770
ijkl-mink-jnlm,ccsd,c64,1m,3744,3744,3744,52481654784,9.662383295,43.4523,1.0000,1.0000,avx2-1m 4x6 AB 64x256x768
ijkl-mink-jnlm,ccsd,c64,3m,3744,3744,3744,52481654784,9.904359759,42.3907,1.0000,1.0000,avx2-3m 4x4 AB 88x256x512
ijkl-minl-njmk,ccsd,f64,planar,3744,2704,5184,52481654784,2.692788502,38.9794,1.0000,0.9246,avx2-real 8x6 AB 256x256x1536
ijkl-minl-njmk,ccsd,f64,1m,3744,2704,5184,52481654784,2.692788502,38.9794,1.0000,0.9246,avx2-real 8x6 AB 256x256x1536
ijkl-minl-njmk,ccsd,f64,3m,3744,2704,5184,52481654784,2.692788502,38.9794,1.0000,0.9246,avx2-real 8x6 AB 256x256x1536
ijkl-minl-njmk,ccsd,c64,planar,3744,2704,5184,52481654784,9.836156457,42.6847,1.0000,0.9242,avx2-planar 4x5 AB 128x256x770
ijkl-minl-njmk,ccsd,c64,1m,3744,2704,5184,52481654784,9.752768566,43.0496,1.0000,0.9246,avx2-1m 4x6 AB 64x256x768
ijkl-minl-njmk,ccsd,c64,3m,3744,2704,5184,52481654784,9.960336553,42.1525,1.0000,1.0000,avx2-3m 4x4 AB 88x256x512
aqrs-pa-pqrs,ao2mo,f64,planar,72,140608,72,728911872,0.060334606,24.1623,1.0000,1.0000,avx2-real 8x6 AB 256x256x1536
aqrs-pa-pqrs,ao2mo,f64,1m,72,140608,72,728911872,0.060334606,24.1623,1.0000,1.0000,avx2-real 8x6 AB 256x256x1536
aqrs-pa-pqrs,ao2mo,f64,3m,72,140608,72,728911872,0.060334606,24.1623,1.0000,1.0000,avx2-real 8x6 AB 256x256x1536
aqrs-pa-pqrs,ao2mo,c64,planar,72,140608,72,728911872,0.181652158,32.1014,1.0000,1.0000,avx2-planar 4x5 AB 128x256x770
aqrs-pa-pqrs,ao2mo,c64,1m,72,140608,72,728911872,0.168353716,34.6372,1.0000,1.0000,avx2-1m 4x6 AB 64x256x768
aqrs-pa-pqrs,ao2mo,c64,3m,72,140608,72,728911872,0.181931995,32.0521,1.0000,1.0000,avx2-3m 4x4 AB 88x256x512
abrs-qb-aqrs,ao2mo,f64,planar,52,194688,72,728911872,0.060935758,23.9239,1.0000,1.0000,avx2-real 8x6 BA 256x256x1536
abrs-qb-aqrs,ao2mo,f64,1m,52,194688,72,728911872,0.060935758,23.9239,1.0000,1.0000,avx2-real 8x6 BA 256x256x1536
abrs-qb-aqrs,ao2mo,f64,3m,52,194688,72,728911872,0.060935758,23.9239,1.0000,1.0000,avx2-real 8x6 BA 256x256x1536
abrs-qb-aqrs,ao2mo,c64,planar,52,194688,72,728911872,0.193906682,30.0727,1.0000,1.0000,avx2-planar 4x5 BA 128x256x770
abrs-qb-aqrs,ao2mo,c64,1m,52,194688,72,728911872,0.181224141,32.1773,1.0000,1.0000,avx2-1m 4x6 BA 64x256x768
abrs-qb-aqrs,ao2mo,c64,3m,52,194688,72,728911872,0.206727595,28.2076,1.0000,1.0000,avx2-3m 4x4 BA 88x256x512
abcs-rc-abrs,ao2mo,f64,planar,52,194688,72,728911872,0.065081401,22.4000,1.0000,1.0000,avx2-real 8x6 BA 256x256x1536
abcs-rc-abrs,ao2mo,f64,1m,52,194688,72,728911872,0.065081401,22.4000,1.0000,1.0000,avx2-real 8x6 BA 256x256x1536
abcs-rc-abrs,ao2mo,f64,3m,52,194688,72,728911872,0.065081401,22.4000,1.0000,1.0000,avx2-real 8x6 BA 256x256x1536
abcs-rc-abrs,ao2mo,c64,planar,52,194688,72,728911872,0.200366767,29.1031,1.0000,1.0000,avx2-planar 4x5 BA 128x256x770
abcs-rc-abrs,ao2mo,c64,1m,52,194688,72,728911872,0.179875118,32.4186,1.0000,1.0000,avx2-1m 4x6 BA 64x256x768
abcs-rc-abrs,ao2mo,c64,3m,52,194688,72,728911872,0.191405919,30.4656,1.0000,1.0000,avx2-3m 4x4 BA 88x256x512
abj-bka-kj,intensli,f64,planar,46656,204,216,2055849984,0.115904922,35.4748,1.0000,1.0000,avx2-real 8x6 AB 256x256x1536
abj-bka-kj,intensli,f64,1m,46656,204,216,2055849984,0.115904922,35.4748,1.0000,1.0000,avx2-real 8x6 AB 256x256x1536
abj-bka-kj,intensli,f64,3m,46656,204,216,2055849984,0.115904922,35.4748,1.0000,1.0000,avx2-real 8x6 AB 256x256x1536
abj-bka-kj,intensli,c64,planar,46656,204,216,2055849984,0.400911499,41.0235,1.0000,1.0000,avx2-planar 4x5 AB 128x256x770
abj-bka-kj,intensli,c64,1m,46656,204,216,2055849984,0.401995182,40.9129,1.0000,1.0000,avx2-1m 4x6 AB 64x256x768
abj-bka-kj,intensli,c64,3m,46656,204,216,2055849984,0.403382255,40.7722,1.0000,1.0000,avx2-3m 4x4 AB 88x256x512
ajb-kba-jk,intensli,f64,planar,44064,216,216,2055849984,0.101267677,40.6023,1.0000,1.0000,avx2-real 8x6 AB 256x256x1536
ajb-kba-jk,intensli,f64,1m,44064,216,216,2055849984,0.101267677,40.6023,1.0000,1.0000,avx2-real 8x6 AB 256x256x1536
ajb-kba-jk,intensli,f64,3m,44064,216,216,2055849984,0.101267677,40.6023,1.0000,1.0000,avx2-real 8x6 AB 256x256x1536
ajb-kba-jk,intensli,c64,planar,44064,216,216,2055849984,0.378498490,43.4527,1.0000,1.0000,avx2-planar 4x5 AB 128x256x770
ajb-kba-jk,intensli,c64,1m,44064,216,216,2055849984,0.355312063,46.2883,1.0000,1.0000,avx2-1m 4x6 AB 64x256x768
ajb-kba-jk,intensli,c64,3m,44064,216,216,2055849984,0.366498485,44.8755,1.0000,1.0000,avx2-3m 4x4 AB 88x256x512
abjc-cbka-kj,intensli,f64,planar,269568,52,72,1009262592,0.196984342,10.2471,1.0000,1.0000,avx2-real 8x6 AB 256x256x1536
abjc-cbka-kj,intensli,f64,1m,269568,52,72,1009262592,0.196984342,10.2471,1.0000,1.0000,avx2-real 8x6 AB 256x256x1536
abjc-cbka-kj,intensli,f64,3m,269568,52,72,1009262592,0.196984342,10.2471,1.0000,1.0000,avx2-real 8x6 AB 256x256x1536
abjc-cbka-kj,intensli,c64,planar,269568,52,72,1009262592,0.415266552,19.4432,1.0000,1.0000,avx2-planar 4x5 AB 128x256x770
abjc-cbka-kj,intensli,c64,1m,269568,52,72,1009262592,0.482606100,16.7302,1.0000,1.0000,avx2-1m 4x6 AB 64x256x768
abjc-cbka-kj,intensli,c64,3m,269568,52,72,1009262592,0.437574474,18.4519,1.0000,1.0000,avx2-3m 4x4 AB 88x256x512
ajbc-ckba-jk,intensli,f64,planar,269568,72,52,1009262592,0.114264751,17.6653,1.0000,1.0000,avx2-real 8x6 AB 256x256x1536
ajbc-ckba-jk,intensli,f64,1m,269568,72,52,1009262592,0.114264751,17.6653,1.0000,1.0000,avx2-real 8x6 AB 256x256x1536
ajbc-ckba-jk,intensli,f64,3m,269568,72,52,1009262592,0.114264751,17.6653,1.0000,1.0000,avx2-real 8x6 AB 256x256x1536
ajbc-ckba-jk,intensli,c64,planar,269568,72,52,1009262592,0.381312549,21.1745,1.0000,1.0000,avx2-planar 4x5 AB 128x256x770
ajbc-ckba-jk,intensli,c64,1m,269568,72,52,1009262592,0.407540890,19.8118,1.0000,1.0000,avx2-1m 4x6 AB 64x256x768
ajbc-ckba-jk,intensli,c64,3m,269568,72,52,1009262592,0.403684242,20.0010,1.0000,1.0000,avx2-3m 4x4 AB 88x256x512
abjc-kbac-jk,intensli,f64,planar,194688,72,72,1009262592,0.066288052,30.4508,1.0000,1.0000,avx2-real 8x6 AB 256x256x1536
abjc-kbac-jk,intensli,f64,1m,194688,72,72,1009262592,0.066288052,30.4508,1.0000,1.0000,avx2-real 8x6 AB 256x256x1536
abjc-kbac-jk,intensli,f64,3m,194688,72,72,1009262592,0.066288052,30.4508,1.0000,1.0000,avx2-real 8x6 AB 256x256x1536
abjc-kbac-jk,intensli,c64,planar,194688,72,72,1009262592,0.229154840,35.2343,1.0000,1.0000,avx2-planar 4x5 AB 128x256x770
abjc-kbac-jk,intensli,c64,1m,194688,72,72,1009262592,0.211443598,38.1856,1.0000,1.0000,avx2-1m 4x6 AB 64x256x768
abjc-kbac-jk,intensli,c64,3m,194688,72,72,1009262592,0.216118566,37.3596,1.0000,1.0000,avx2-3m 4x4 AB 88x256x512
abjcd-dkbac-jk,intensli,f64,planar,331776,24,24,191102976,0.081933030,4.6649,1.0000,1.0000,avx2-real 8x6 AB 256x256x1536
abjcd-dkbac-jk,intensli,f64,1m,331776,24,24,191102976,0.081933030,4.6649,1.0000,1.0000,avx2-real 8x6 AB 256x256x1536
abjcd-dkbac-jk,intensli,f64,3m,331776,24,24,191102976,0.081933030,4.6649,1.0000,1.0000,avx2-real 8x6 AB 256x256x1536
abjcd-dkbac-jk,intensli,c64,planar,331776,24,24,191102976,0.139115305,10.9896,1.0000,1.0000,avx2-planar 4x5 AB 128x256x770
abjcd-dkbac-jk,intensli,c64,1m,331776,24,24,191102976,0.167093493,9.1495,1.0000,1.0000,avx2-1m 4x6 AB 64x256x768
abjcd-dkbac-jk,intensli,c64,3m,331776,24,24,191102976,0.148216363,10.3148,1.0000,1.0000,avx2-3m 4x4 AB 88x256x512
adbjc-cbdka-kj,intensli,f64,planar,331776,24,24,191102976,0.092352673,4.1385,1.0000,1.0000,avx2-real 8x6 AB 256x256x1536
adbjc-cbdka-kj,intensli,f64,1m,331776,24,24,191102976,0.092352673,4.1385,1.0000,1.0000,avx2-real 8x6 AB 256x256x1536
adbjc-cbdka-kj,intensli,f64,3m,331776,24,24,191102976,0.092352673,4.1385,1.0000,1.0000,avx2-real 8x6 AB 256x256x1536
adbjc-cbdka-kj,intensli,c64,planar,331776,24,24,191102976,0.153981536,9.9286,1.0000,1.0000,avx2-planar 4x5 AB 128x256x770
adbjc-cbdka-kj,intensli,c64,1m,331776,24,24,191102976,0.182988723,8.3547,1.0000,1.0000,avx2-1m 4x6 AB 64x256x768
adbjc-cbdka-kj,intensli,c64,3m,331776,24,24,191102976,0.164146570,9.3138,1.0000,1.0000,avx2-3m 4x4 AB 88x256x512
ajbdc-ckbad-jk,intensli,f64,planar,331776,24,24,191102976,0.080565023,4.7441,1.0000,1.0000,avx2-real 8x6 AB 256x256x1536
ajbdc-ckbad-jk,intensli,f64,1m,331776,24,24,191102976,0.080565023,4.7441,1.0000,1.0000,avx2-real 8x6 AB 256x256x1536
ajbdc-ckbad-jk,intensli,f64,3m,331776,24,24,191102976,0.080565023,4.7441,1.0000,1.0000,avx2-real 8x6 AB 256x256x1536
ajbdc-ckbad-jk,intensli,c64,planar,331776,24,24,191102976,0.144718603,10.5641,1.0000,1.0000,avx2-planar 4x5 AB 128x256x770
ajbdc-ckbad-jk,intensli,c64,1m,331776,24,24,191102976,0.167162963,9.1457,1.0000,1.0000,avx2-1m 4x6 AB 64x256x768
ajbdc-ckbad-jk,intensli,c64,3m,331776,24,24,191102976,0.151403599,10.0977,1.0000,1.0000,avx2-3m 4x4 AB 88x256x512
abcijk-ijma-mkbc,ccsd_t,f64,planar,9216,4096,24,905969664,0.085210155,21.2644,1.0000,0.9854,avx2-real 8x6 AB 256x256x1536
abcijk-ijma-mkbc,ccsd_t,f64,1m,9216,4096,24,905969664,0.085210155,21.2644,1.0000,0.9854,avx2-real 8x6 AB 256x256x1536
abcijk-ijma-mkbc,ccsd_t,f64,3m,9216,4096,24,905969664,0.085210155,21.2644,1.0000,0.9854,avx2-real 8x6 AB 256x256x1536
abcijk-ijma-mkbc,ccsd_t,c64,planar,9216,4096,24,905969664,0.278120512,26.0598,1.0000,0.9854,avx2-planar 4x5 AB 128x256x770
abcijk-ijma-mkbc,ccsd_t,c64,1m,9216,4096,24,905969664,0.250945428,28.8818,1.0000,0.9854,avx2-1m 4x6 AB 64x256x768
abcijk-ijma-mkbc,ccsd_t,c64,3m,9216,4096,24,905969664,0.280603801,25.8291,1.0000,1.0000,avx2-3m 4x4 AB 88x256x512
abcijk-ijmb-mkac,ccsd_t,f64,planar,6144,6144,24,905969664,0.097249009,18.6320,1.0000,0.7500,avx2-real 8x6 BA 256x256x1536
abcijk-ijmb-mkac,ccsd_t,f64,1m,6144,6144,24,905969664,0.097249009,18.6320,1.0000,0.7500,avx2-real 8x6 BA 256x256x1536
abcijk-ijmb-mkac,ccsd_t,f64,3m,6144,6144,24,905969664,0.097249009,18.6320,1.0000,0.7500,avx2-real 8x6 BA 256x256x1536
abcijk-ijmb-mkac,ccsd_t,c64,planar,6144,6144,24,905969664,0.278461525,26.0279,1.0000,0.7502,avx2-planar 4x5 BA 128x256x770
abcijk-ijmb-mkac,ccsd_t,c64,1m,6144,6144,24,905969664,0.253210526,28.6234,1.0000,0.7500,avx2-1m 4x6 BA 64x256x768
abcijk-ijmb-mkac,ccsd_t,c64,3m,6144,6144,24,905969664,0.284112192,25.5102,1.0000,1.0000,avx2-3m 4x4 BA 88x256x512
abcijk-ijmc-mkab,ccsd_t,f64,planar,6144,6144,24,905969664,0.077759587,23.3018,1.0000,0.7500,avx2-real 8x6 BA 256x256x1536
abcijk-ijmc-mkab,ccsd_t,f64,1m,6144,6144,24,905969664,0.077759587,23.3018,1.0000,0.7500,avx2-real 8x6 BA 256x256x1536
abcijk-ijmc-mkab,ccsd_t,f64,3m,6144,6144,24,905969664,0.077759587,23.3018,1.0000,0.7500,avx2-real 8x6 BA 256x256x1536
abcijk-ijmc-mkab,ccsd_t,c64,planar,6144,6144,24,905969664,0.247832152,29.2446,1.0000,0.7502,avx2-planar 4x5 BA 128x256x770
abcijk-ijmc-mkab,ccsd_t,c64,1m,6144,6144,24,905969664,0.219782440,32.9770,1.0000,0.7500,avx2-1m 4x6 BA 64x256x768
abcijk-ijmc-mkab,ccsd_t,c64,3m,6144,6144,24,905969664,0.256291191,28.2794,1.0000,1.0000,avx2-3m 4x4 BA 88x256x512
abcijk-ikma-mjbc,ccsd_t,f64,planar,9216,4096,24,905969664,0.086882767,20.8550,1.0000,0.9854,avx2-real 8x6 AB 256x256x1536
abcijk-ikma-mjbc,ccsd_t,f64,1m,9216,4096,24,905969664,0.086882767,20.8550,1.0000,0.9854,avx2-real 8x6 AB 256x256x1536
abcijk-ikma-mjbc,ccsd_t,f64,3m,9216,4096,24,905969664,0.086882767,20.8550,1.0000,0.9854,avx2-real 8x6 AB 256x256x1536
abcijk-ikma-mjbc,ccsd_t,c64,planar,9216,4096,24,905969664,0.278202227,26.0521,1.0000,0.9854,avx2-planar 4x5 AB 128x256x770
abcijk-ikma-mjbc,ccsd_t,c64,1m,9216,4096,24,905969664,0.249997442,28.9913,1.0000,0.9854,avx2-1m 4x6 AB 64x256x768
abcijk-ikma-mjbc,ccsd_t,c64,3m,9216,4096,24,905969664,0.279362633,25.9439,1.0000,1.0000,avx2-3m 4x4 AB 88x256x512
abcijk-ikmb-mjac,ccsd_t,f64,planar,6144,6144,24,905969664,0.096387186,18.7985,1.0000,0.7500,avx2-real 8x6 BA 256x256x1536
abcijk-ikmb-mjac,ccsd_t,f64,1m,6144,6144,24,905969664,0.096387186,18.7985,1.0000,0.7500,avx2-real 8x6 BA 256x256x1536
abcijk-ikmb-mjac,ccsd_t,f64,3m,6144,6144,24,905969664,0.096387186,18.7985,1.0000,0.7500,avx2-real 8x6 BA 256x256x1536
abcijk-ikmb-mjac,ccsd_t,c64,planar,6144,6144,24,905969664,0.276370375,26.2248,1.0000,0.7502,avx2-planar 4x5 BA 128x256x770
abcijk-ikmb-mjac,ccsd_t,c64,1m,6144,6144,24,905969664,0.251825215,28.7809,1.0000,0.7500,avx2-1m 4x6 BA 64x256x768
abcijk-ikmb-mjac,ccsd_t,c64,3m,6144,6144,24,905969664,0.282346154,25.6698,1.0000,1.0000,avx2-3m 4x4 BA 88x256x512
abcijk-ikmc-mjab,ccsd_t,f64,planar,6144,6144,24,905969664,0.076853710,23.5765,1.0000,0.7500,avx2-real 8x6 BA 256x256x1536
abcijk-ikmc-mjab,ccsd_t,f64,1m,6144,6144,24,905969664,0.076853710,23.5765,1.0000,0.7500,avx2-real 8x6 BA 256x256x1536
abcijk-ikmc-mjab,ccsd_t,f64,3m,6144,6144,24,905969664,0.076853710,23.5765,1.0000,0.7500,avx2-real 8x6 BA 256x256x1536
abcijk-ikmc-mjab,ccsd_t,c64,planar,6144,6144,24,905969664,0.247514645,29.2821,1.0000,0.7502,avx2-planar 4x5 BA 128x256x770
abcijk-ikmc-mjab,ccsd_t,c64,1m,6144,6144,24,905969664,0.220018695,32.9416,1.0000,0.7500,avx2-1m 4x6 BA 64x256x768
abcijk-ikmc-mjab,ccsd_t,c64,3m,6144,6144,24,905969664,0.256430073,28.2641,1.0000,1.0000,avx2-3m 4x4 BA 88x256x512
abcijk-jkma-mibc,ccsd_t,f64,planar,9216,4096,24,905969664,0.083969578,21.5785,1.0000,0.9854,avx2-real 8x6 AB 256x256x1536
abcijk-jkma-mibc,ccsd_t,f64,1m,9216,4096,24,905969664,0.083969578,21.5785,1.0000,0.9854,avx2-real 8x6 AB 256x256x1536
abcijk-jkma-mibc,ccsd_t,f64,3m,9216,4096,24,905969664,0.083969578,21.5785,1.0000,0.9854,avx2-real 8x6 AB 256x256x1536
abcijk-jkma-mibc,ccsd_t,c64,planar,9216,4096,24,905969664,0.279345881,25.9455,1.0000,0.9854,avx2-planar 4x5 AB 128x256x770
abcijk-jkma-mibc,ccsd_t,c64,1m,9216,4096,24,905969664,0.248964536,29.1116,1.0000,0.9854,avx2-1m 4x6 AB 64x256x768
abcijk-jkma-mibc,ccsd_t,c64,3m,9216,4096,24,905969664,0.280628849,25.8268,1.0000,1.0000,avx2-3m 4x4 AB 88x256x512
abcijk-jkmb-miac,ccsd_t,f64,planar,6144,6144,24,905969664,0.098258220,18.4406,1.0000,0.7500,avx2-real 8x6 BA 256x256x1536
abcijk-jkmb-miac,ccsd_t,f64,1m,6144,6144,24,905969664,0.098258220,18.4406,1.0000,0.7500,avx2-real 8x6 BA 256x256x1536
abcijk-jkmb-miac,ccsd_t,f64,3m,6144,6144,24,905969664,0.098258220,18.4406,1.0000,0.7500,avx2-real 8x6 BA 256x256x1536
abcijk-jkmb-miac,ccsd_t,c64,planar,6144,6144,24,905969664,0.286029816,25.3392,1.0000,0.7502,avx2-planar 4x5 BA 128x256x770
abcijk-jkmb-miac,ccsd_t,c64,1m,6144,6144,24,905969664,0.262659149,27.5938,1.0000,0.7500,avx2-1m 4x6 BA 64x256x768
abcijk-jkmb-miac,ccsd_t,c64,3m,6144,6144,24,905969664,0.285167421,25.4158,1.0000,1.0000,avx2-3m 4x4 BA 88x256x512
abcijk-jkmc-miab,ccsd_t,f64,planar,6144,6144,24,905969664,0.082850379,21.8700,1.0000,0.7500,avx2-real 8x6 BA 256x256x1536
abcijk-jkmc-miab,ccsd_t,f64,1m,6144,6144,24,905969664,0.082850379,21.8700,1.0000,0.7500,avx2-real 8x6 BA 256x256x1536
abcijk-jkmc-miab,ccsd_t,f64,3m,6144,6144,24,905969664,0.082850379,21.8700,1.0000,0.7500,avx2-real 8x6 BA 256x256x1536
abcijk-jkmc-miab,ccsd_t,c64,planar,6144,6144,24,905969664,0.257328646,28.1654,1.0000,0.7502,avx2-planar 4x5 BA 128x256x770
abcijk-jkmc-miab,ccsd_t,c64,1m,6144,6144,24,905969664,0.246404703,29.4140,1.0000,0.7500,avx2-1m 4x6 BA 64x256x768
abcijk-jkmc-miab,ccsd_t,c64,3m,6144,6144,24,905969664,0.261631964,27.7021,1.0000,1.0000,avx2-3m 4x4 BA 88x256x512
abcijk-eiab-jkec,ccsd_t,f64,planar,6144,6144,24,905969664,0.082961730,21.8407,1.0000,0.7500,avx2-real 8x6 AB 256x256x1536
abcijk-eiab-jkec,ccsd_t,f64,1m,6144,6144,24,905969664,0.082961730,21.8407,1.0000,0.7500,avx2-real 8x6 AB 256x256x1536
abcijk-eiab-jkec,ccsd_t,f64,3m,6144,6144,24,905969664,0.082961730,21.8407,1.0000,0.7500,avx2-real 8x6 AB 256x256x1536
abcijk-eiab-jkec,ccsd_t,c64,planar,6144,6144,24,905969664,0.257966117,28.0958,1.0000,0.7502,avx2-planar 4x5 AB 128x256x770
abcijk-eiab-jkec,ccsd_t,c64,1m,6144,6144,24,905969664,0.244213173,29.6780,1.0000,0.7500,avx2-1m 4x6 AB 64x256x768
abcijk-eiab-jkec,ccsd_t,c64,3m,6144,6144,24,905969664,0.260817139,27.7887,1.0000,1.0000,avx2-3m 4x4 AB 88x256x512
abcijk-eiac-jkeb,ccsd_t,f64,planar,6144,6144,24,905969664,0.097931586,18.5021,1.0000,0.7500,avx2-real 8x6 AB 256x256x1536
abcijk-eiac-jkeb,ccsd_t,f64,1m,6144,6144,24,905969664,0.097931586,18.5021,1.0000,0.7500,avx2-real 8x6 AB 256x256x1536
abcijk-eiac-jkeb,ccsd_t,f64,3m,6144,6144,24,905969664,0.097931586,18.5021,1.0000,0.7500,avx2-real 8x6 AB 256x256x1536
abcijk-eiac-jkeb,ccsd_t,c64,planar,6144,6144,24,905969664,0.284224745,25.5001,1.0000,0.7502,avx2-planar 4x5 AB 128x256x770
abcijk-eiac-jkeb,ccsd_t,c64,1m,6144,6144,24,905969664,0.262035905,27.6594,1.0000,0.7500,avx2-1m 4x6 AB 64x256x768
abcijk-eiac-jkeb,ccsd_t,c64,3m,6144,6144,24,905969664,0.286025637,25.3395,1.0000,1.0000,avx2-3m 4x4 AB 88x256x512
abcijk-eibc-jkea,ccsd_t,f64,planar,4096,9216,24,905969664,0.085523385,21.1865,1.0000,0.9854,avx2-real 8x6 BA 256x256x1536
abcijk-eibc-jkea,ccsd_t,f64,1m,4096,9216,24,905969664,0.085523385,21.1865,1.0000,0.9854,avx2-real 8x6 BA 256x256x1536
abcijk-eibc-jkea,ccsd_t,f64,3m,4096,9216,24,905969664,0.085523385,21.1865,1.0000,0.9854,avx2-real 8x6 BA 256x256x1536
abcijk-eibc-jkea,ccsd_t,c64,planar,4096,9216,24,905969664,0.280580377,25.8313,1.0000,0.9854,avx2-planar 4x5 BA 128x256x770
abcijk-eibc-jkea,ccsd_t,c64,1m,4096,9216,24,905969664,0.249143493,29.0907,1.0000,0.9854,avx2-1m 4x6 BA 64x256x768
abcijk-eibc-jkea,ccsd_t,c64,3m,4096,9216,24,905969664,0.279588258,25.9230,1.0000,1.0000,avx2-3m 4x4 BA 88x256x512
abcijk-ejab-ikec,ccsd_t,f64,planar,6144,6144,24,905969664,0.077036514,23.5205,1.0000,0.7500,avx2-real 8x6 AB 256x256x1536
abcijk-ejab-ikec,ccsd_t,f64,1m,6144,6144,24,905969664,0.077036514,23.5205,1.0000,0.7500,avx2-real 8x6 AB 256x256x1536
abcijk-ejab-ikec,ccsd_t,f64,3m,6144,6144,24,905969664,0.077036514,23.5205,1.0000,0.7500,avx2-real 8x6 AB 256x256x1536
abcijk-ejab-ikec,ccsd_t,c64,planar,6144,6144,24,905969664,0.247703890,29.2598,1.0000,0.7502,avx2-planar 4x5 AB 128x256x770
abcijk-ejab-ikec,ccsd_t,c64,1m,6144,6144,24,905969664,0.219893700,32.9603,1.0000,0.7500,avx2-1m 4x6 AB 64x256x768
abcijk-ejab-ikec,ccsd_t,c64,3m,6144,6144,24,905969664,0.257134139,28.1867,1.0000,1.0000,avx2-3m 4x4 AB 88x256x512
abcijk-ejac-ikeb,ccsd_t,f64,planar,6144,6144,24,905969664,0.095208524,19.0313,1.0000,0.7500,avx2-real 8x6 AB 256x256x1536
abcijk-ejac-ikeb,ccsd_t,f64,1m,6144,6144,24,905969664,0.095208524,19.0313,1.0000,0.7500,avx2-real 8x6 AB 256x256x1536
abcijk-ejac-ikeb,ccsd_t,f64,3m,6144,6144,24,905969664,0.095208524,19.0313,1.0000,0.7500,avx2-real 8x6 AB 256x256x1536
abcijk-ejac-ikeb,ccsd_t,c64,planar,6144,6144,24,905969664,0.274443884,26.4089,1.0000,0.7502,avx2-planar 4x5 AB 128x256x770
abcijk-ejac-ikeb,ccsd_t,c64,1m,6144,6144,24,905969664,0.249222963,29.0814,1.0000,0.7500,avx2-1m 4x6 AB 64x256x768
abcijk-ejac-ikeb,ccsd_t,c64,3m,6144,6144,24,905969664,0.281390273,25.7570,1.0000,1.0000,avx2-3m 4x4 AB 88x256x512
abcijk-ejbc-ikea,ccsd_t,f64,planar,4096,9216,24,905969664,0.084670800,21.3998,1.0000,0.9854,avx2-real 8x6 BA 256x256x1536
abcijk-ejbc-ikea,ccsd_t,f64,1m,4096,9216,24,905969664,0.084670800,21.3998,1.0000,0.9854,avx2-real 8x6 BA 256x256x1536
abcijk-ejbc-ikea,ccsd_t,f64,3m,4096,9216,24,905969664,0.084670800,21.3998,1.0000,0.9854,avx2-real 8x6 BA 256x256x1536
abcijk-ejbc-ikea,ccsd_t,c64,planar,4096,9216,24,905969664,0.276805404,26.1836,1.0000,0.9854,avx2-planar 4x5 BA 128x256x770
abcijk-ejbc-ikea,ccsd_t,c64,1m,4096,9216,24,905969664,0.248655584,29.1478,1.0000,0.9854,avx2-1m 4x6 BA 64x256x768
abcijk-ejbc-ikea,ccsd_t,c64,3m,4096,9216,24,905969664,0.279819644,25.9015,1.0000,1.0000,avx2-3m 4x4 BA 88x256x512
abcijk-ekab-ijec,ccsd_t,f64,planar,6144,6144,24,905969664,0.076348297,23.7325,1.0000,0.7500,avx2-real 8x6 AB 256x256x1536
abcijk-ekab-ijec,ccsd_t,f64,1m,6144,6144,24,905969664,0.076348297,23.7325,1.0000,0.7500,avx2-real 8x6 AB 256x256x1536
abcijk-ekab-ijec,ccsd_t,f64,3m,6144,6144,24,905969664,0.076348297,23.7325,1.0000,0.7500,avx2-real 8x6 AB 256x256x1536
abcijk-ekab-ijec,ccsd_t,c64,planar,6144,6144,24,905969664,0.247890963,29.2377,1.0000,0.7502,avx2-planar 4x5 AB 128x256x770
abcijk-ekab-ijec,ccsd_t,c64,1m,6144,6144,24,905969664,0.220555808,32.8613,1.0000,0.7500,avx2-1m 4x6 AB 64x256x768
abcijk-ekab-ijec,ccsd_t,c64,3m,6144,6144,24,905969664,0.256216340,28.2876,1.0000,1.0000,avx2-3m 4x4 AB 88x256x512
abcijk-ekac-ijeb,ccsd_t,f64,planar,6144,6144,24,905969664,0.095196833,19.0336,1.0000,0.7500,avx2-real 8x6 AB 256x256x1536
abcijk-ekac-ijeb,ccsd_t,f64,1m,6144,6144,24,905969664,0.095196833,19.0336,1.0000,0.7500,avx2-real 8x6 AB 256x256x1536
abcijk-ekac-ijeb,ccsd_t,f64,3m,6144,6144,24,905969664,0.095196833,19.0336,1.0000,0.7500,avx2-real 8x6 AB 256x256x1536
abcijk-ekac-ijeb,ccsd_t,c64,planar,6144,6144,24,905969664,0.275152590,26.3409,1.0000,0.7502,avx2-planar 4x5 AB 128x256x770
abcijk-ekac-ijeb,ccsd_t,c64,1m,6144,6144,24,905969664,0.249279299,29.0748,1.0000,0.7500,avx2-1m 4x6 AB 64x256x768
abcijk-ekac-ijeb,ccsd_t,c64,3m,6144,6144,24,905969664,0.283178172,25.5943,1.0000,1.0000,avx2-3m 4x4 AB 88x256x512
abcijk-ekbc-ijea,ccsd_t,f64,planar,4096,9216,24,905969664,0.084958691,21.3273,1.0000,0.9854,avx2-real 8x6 BA 256x256x1536
abcijk-ekbc-ijea,ccsd_t,f64,1m,4096,9216,24,905969664,0.084958691,21.3273,1.0000,0.9854,avx2-real 8x6 BA 256x256x1536
abcijk-ekbc-ijea,ccsd_t,f64,3m,4096,9216,24,905969664,0.084958691,21.3273,1.0000,0.9854,avx2-real 8x6 BA 256x256x1536
abcijk-ekbc-ijea,ccsd_t,c64,planar,4096,9216,24,905969664,0.275958809,26.2639,1.0000,0.9854,avx2-planar 4x5 BA 128x256x770
abcijk-ekbc-ijea,ccsd_t,c64,1m,4096,9216,24,905969664,0.248530879,29.1624,1.0000,0.9854,avx2-1m 4x6 BA 64x256x768
abcijk-ekbc-ijea,ccsd_t,c64,3m,4096,9216,24,905969664,0.278567916,26.0179,1.0000,1.0000,avx2-3m 4x4 BA 88x256x512
abc-bk-akc,transC,f64,planar,216,44064,204,1941636096,0.099727680,38.9388,1.0000,1.0000,avx2-real 8x6 BA 256x256x1536
abc-bk-akc,transC,f64,1m,216,44064,204,1941636096,0.099727680,38.9388,1.0000,1.0000,avx2-real 8x6 BA 256x256x1536
abc-bk-akc,transC,f64,3m,216,44064,204,1941636096,0.099727680,38.9388,1.0000,1.0000,avx2-real 8x6 BA 256x256x1536
abc-bk-akc,transC,c64,planar,216,44064,204,1941636096,0.368898139,42.1067,1.0000,1.0000,avx2-planar 4x5 BA 128x256x770
abc-bk-akc,transC,c64,1m,216,44064,204,1941636096,0.353123134,43.9877,1.0000,1.0000,avx2-1m 4x6 BA 64x256x768
abc-bk-akc,transC,c64,3m,216,44064,204,1941636096,0.393357505,39.4885,1.0000,1.0000,avx2-3m 4x4 BA 88x256x512
