case,cpus,attempt
large_b512_m128_n128_k128_f64,"0,1,2,3,4,5,6,7",1
large_b64_m256_n256_k256_f64,"0,1,2,3,4,5,6,7",1
large_b16_m512_n512_k512_f64,"0,1,2,3,4,5,6,7",1
large_b4_m1024_n1024_k1024_f64,"0,1,2,3,4,5,6,7",1
large_b2_m2048_n2048_k2048_f64,"0,1,2,3,4,5,6,7",1
large_b1_m4096_n4096_k4096_f64,"0,1,2,3,4,5,6,7",1
large_b64_m256_n1024_k64_f64,"0,1,2,3,4,5,6,7",1
large_b64_m1024_n64_k256_f64,"0,1,2,3,4,5,6,7",1
large_b512_m128_n128_k128_c64,"0,1,2,3,4,5,6,7",1
large_b64_m256_n256_k256_c64,"0,1,2,3,4,5,6,7",1
large_b16_m512_n512_k512_c64,"0,1,2,3,4,5,6,7",1
large_b4_m1024_n1024_k1024_c64,"0,1,2,3,4,5,6,7",1
large_b2_m2048_n2048_k2048_c64,"0,1,2,3,4,5,6,7",1
large_b1_m4096_n4096_k4096_c64,"0,1,2,3,4,5,6,7",1
large_b64_m256_n1024_k64_c64,"0,1,2,3,4,5,6,7",1
large_b64_m1024_n64_k256_c64,"0,1,2,3,4,5,6,7",1
